<?xml version="1.0" encoding="UTF-8"?>
<project-private xmlns="http://www.netbeans.org/ns/project-private/1">
    <editor-bookmarks xmlns="http://www.netbeans.org/ns/editor-bookmarks/2" lastBookmarkId="0"/>
    <open-files xmlns="http://www.netbeans.org/ns/projectui-open-files/2">
        <group>
            <file>file:/C:/Users/JOSNEY/OneDrive/Documentos/EAFIT%20Python/CompuWorkHR/src/servicios/GestionDepartamentosImpl.java</file>
            <file>file:/C:/Users/JOSNEY/OneDrive/Documentos/EAFIT%20Python/CompuWorkHR/src/servicios/ReporteService.java</file>
            <file>file:/C:/Users/JOSNEY/OneDrive/Documentos/EAFIT%20Python/CompuWorkHR/src/modelo/Departamento.java</file>
            <file>file:/C:/Users/JOSNEY/OneDrive/Documentos/EAFIT%20Python/CompuWorkHR/src/servicios/GestionEmpleadosImpl.java</file>
            <file>file:/C:/Users/JOSNEY/OneDrive/Documentos/EAFIT%20Python/CompuWorkHR/src/compuworkhr/CompuWorkHR.java</file>
            <file>file:/C:/Users/JOSNEY/OneDrive/Documentos/EAFIT%20Python/CompuWorkHR/src/modelo/Empleado.java</file>
            <file>file:/C:/Users/JOSNEY/OneDrive/Documentos/EAFIT%20Python/CompuWorkHR/src/servicios/DataService.java</file>
        </group>
    </open-files>
</project-private>
